,Adj_Close,Close,Date,High,Low,Open,Symbol,Volume
0,16.629999,16.629999,2010-12-31,16.76,16.469999,16.74,YHOO,7754500
1,16.76,16.76,2010-12-30,16.77,16.52,16.60,YHOO,8318900
2,16.610001,16.610001,2010-12-29,16.77,16.43,16.50,YHOO,7668600
3,16.43,16.43,2010-12-28,16.540001,16.33,16.469999,YHOO,8389100
4,16.48,16.48,2010-12-27,16.629999,16.40,16.620001,YHOO,7492300
5,16.719999,16.719999,2010-12-23,16.73,16.450001,16.559999,YHOO,8889200
6,16.629999,16.629999,2010-12-22,16.780001,16.559999,16.67,YHOO,6767500
7,16.60,16.60,2010-12-21,16.68,16.200001,16.309999,YHOO,11394700
8,16.280001,16.280001,2010-12-20,16.42,16.15,16.379999,YHOO,17566400
9,16.379999,16.379999,2010-12-17,16.66,16.32,16.51,YHOO,24896100
10,16.51,16.51,2010-12-16,16.700001,16.440001,16.450001,YHOO,12940500
11,16.450001,16.450001,2010-12-15,16.73,16.42,16.549999,YHOO,10944200
12,16.629999,16.629999,2010-12-14,16.84,16.57,16.77,YHOO,11429500
13,16.700001,16.700001,2010-12-13,16.99,16.690001,16.90,YHOO,12755400
14,17.01,17.01,2010-12-10,17.049999,16.91,16.969999,YHOO,8985300
15,16.950001,16.950001,2010-12-09,17.190001,16.799999,17.120001,YHOO,8673300
16,17.02,17.02,2010-12-08,17.219999,16.959999,17.01,YHOO,21773300
17,16.940001,16.940001,2010-12-07,17.07,16.50,16.50,YHOO,29056400
18,16.33,16.33,2010-12-06,16.60,16.299999,16.469999,YHOO,12063800
19,16.35,16.35,2010-12-03,16.370001,16.200001,16.27,YHOO,9228000
20,16.33,16.33,2010-12-02,16.41,16.120001,16.200001,YHOO,13167300
21,16.15,16.15,2010-12-01,16.40,16.00,16.00,YHOO,17435900
22,15.82,15.82,2010-11-30,16.34,15.77,16.200001,YHOO,24981100
23,16.379999,16.379999,2010-11-29,16.450001,15.95,16.10,YHOO,14653000
24,16.219999,16.219999,2010-11-26,16.40,16.219999,16.25,YHOO,4953900
25,16.41,16.41,2010-11-24,16.48,16.15,16.309999,YHOO,11561700
26,16.190001,16.190001,2010-11-23,16.43,16.040001,16.34,YHOO,22437900
27,16.559999,16.559999,2010-11-22,16.65,16.25,16.43,YHOO,14316900
28,16.57,16.57,2010-11-19,16.969999,16.52,16.969999,YHOO,24036200
29,16.99,16.99,2010-11-18,17.17,16.290001,16.40,YHOO,46500100
30,16.15,16.15,2010-11-17,16.33,16.110001,16.209999,YHOO,10305800
31,16.24,16.24,2010-11-16,16.49,16.10,16.450001,YHOO,23484100
32,16.60,16.60,2010-11-15,16.889999,16.33,16.559999,YHOO,18934600
33,16.549999,16.549999,2010-11-12,16.75,16.40,16.65,YHOO,17703400
34,16.799999,16.799999,2010-11-11,16.860001,16.52,16.629999,YHOO,15310600
35,16.940001,16.940001,2010-11-10,17.01,16.75,17.00,YHOO,17012600
36,16.969999,16.969999,2010-11-09,17.60,16.860001,17.219999,YHOO,56218900
37,16.440001,16.440001,2010-11-08,16.50,16.25,16.290001,YHOO,15561500
38,16.27,16.27,2010-11-05,16.40,16.18,16.18,YHOO,13414000
39,16.200001,16.200001,2010-11-04,16.35,16.02,16.309999,YHOO,26484700
40,16.17,16.17,2010-11-03,16.23,16.01,16.209999,YHOO,17325500
41,16.190001,16.190001,2010-11-02,16.40,16.18,16.290001,YHOO,9964700
42,16.15,16.15,2010-11-01,16.52,16.08,16.50,YHOO,14360600
43,16.49,16.49,2010-10-29,16.52,16.33,16.370001,YHOO,16013700
44,16.40,16.40,2010-10-28,16.450001,16.309999,16.450001,YHOO,12689500
45,16.42,16.42,2010-10-27,16.43,16.200001,16.40,YHOO,13764400
46,16.459999,16.459999,2010-10-26,16.48,16.200001,16.219999,YHOO,22349000
47,16.40,16.40,2010-10-25,16.440001,16.15,16.299999,YHOO,17251500
48,16.309999,16.309999,2010-10-22,16.41,15.86,15.90,YHOO,24264100
49,15.97,15.97,2010-10-21,16.00,15.73,15.90,YHOO,26935500
50,15.80,15.80,2010-10-20,16.25,15.79,15.79,YHOO,37790200
51,15.49,15.49,2010-10-19,15.80,15.37,15.73,YHOO,32678600
52,15.93,15.93,2010-10-18,16.280001,15.75,16.200001,YHOO,35876500
53,16.25,16.25,2010-10-15,16.73,15.90,16.17,YHOO,58481800
54,15.93,15.93,2010-10-14,16.76,15.75,16.75,YHOO,123449900
55,15.25,15.25,2010-10-13,15.48,14.50,14.57,YHOO,50773400
56,14.43,14.43,2010-10-12,14.47,14.27,14.36,YHOO,12465700
57,14.41,14.41,2010-10-11,14.58,14.38,14.45,YHOO,8348200
58,14.49,14.49,2010-10-08,14.56,14.18,14.21,YHOO,16102900
59,14.23,14.23,2010-10-07,14.61,14.14,14.60,YHOO,18068600
60,14.52,14.52,2010-10-06,14.70,14.34,14.60,YHOO,20297000
61,14.61,14.61,2010-10-05,14.77,14.40,14.45,YHOO,23988400
62,14.28,14.28,2010-10-04,14.32,14.13,14.20,YHOO,20557500
63,14.27,14.27,2010-10-01,14.35,14.13,14.19,YHOO,16096500
64,14.17,14.17,2010-09-30,14.35,13.99,14.26,YHOO,20376200
65,14.34,14.34,2010-09-29,14.39,14.06,14.36,YHOO,24475700
66,14.39,14.39,2010-09-28,14.45,14.14,14.33,YHOO,16074100
67,14.28,14.28,2010-09-27,14.53,14.25,14.46,YHOO,20674000
68,14.50,14.50,2010-09-24,14.51,14.24,14.30,YHOO,24154800
69,14.17,14.17,2010-09-23,14.24,13.93,13.93,YHOO,16931600
70,14.04,14.04,2010-09-22,14.25,13.97,14.19,YHOO,18567400
71,14.18,14.18,2010-09-21,14.26,13.92,13.94,YHOO,32048400
72,13.86,13.86,2010-09-20,14.06,13.84,13.95,YHOO,26234600
73,13.89,13.89,2010-09-17,14.33,13.88,14.33,YHOO,79565400
74,14.19,14.19,2010-09-16,14.23,13.98,14.20,YHOO,27281500
75,14.27,14.27,2010-09-15,14.35,13.77,14.03,YHOO,90035400
76,13.63,13.63,2010-09-14,13.76,13.60,13.76,YHOO,23064500
77,13.73,13.73,2010-09-13,13.88,13.61,13.83,YHOO,24261400
78,13.68,13.68,2010-09-10,13.77,13.54,13.68,YHOO,18590100
79,13.65,13.65,2010-09-09,13.92,13.57,13.88,YHOO,17735500
80,13.75,13.75,2010-09-08,13.82,13.62,13.66,YHOO,12102700
81,13.53,13.53,2010-09-07,13.62,13.50,13.56,YHOO,10240600
82,13.62,13.62,2010-09-03,13.75,13.56,13.69,YHOO,12478500
83,13.51,13.51,2010-09-02,13.55,13.26,13.33,YHOO,18190200
84,13.37,13.37,2010-09-01,13.41,13.13,13.20,YHOO,24616700
85,13.11,13.11,2010-08-31,13.14,12.94,13.11,YHOO,16489500
86,13.18,13.18,2010-08-30,13.42,13.18,13.27,YHOO,7120900
87,13.43,13.43,2010-08-27,13.47,13.03,13.24,YHOO,12705600
88,13.21,13.21,2010-08-26,13.40,13.21,13.36,YHOO,14602700
89,13.26,13.26,2010-08-25,13.37,13.14,13.29,YHOO,15556800
90,13.40,13.40,2010-08-24,13.64,13.39,13.53,YHOO,13425800
91,13.65,13.65,2010-08-23,13.87,13.54,13.81,YHOO,12297600
92,13.79,13.79,2010-08-20,13.95,13.74,13.85,YHOO,17192200
93,13.85,13.85,2010-08-19,14.00,13.80,13.85,YHOO,14100700
94,13.99,13.99,2010-08-18,14.05,13.84,13.98,YHOO,15533300
95,13.94,13.94,2010-08-17,14.00,13.75,13.84,YHOO,13298600
96,13.79,13.79,2010-08-16,13.90,13.68,13.75,YHOO,11416400
97,13.83,13.83,2010-08-13,13.96,13.76,13.81,YHOO,7845600
98,13.85,13.85,2010-08-12,13.99,13.75,13.77,YHOO,11659900
99,13.87,13.87,2010-08-11,14.20,13.84,14.14,YHOO,13235500
100,14.35,14.35,2010-08-10,14.46,14.20,14.26,YHOO,9658000
101,14.40,14.40,2010-08-09,14.52,14.34,14.34,YHOO,12202600
102,14.34,14.34,2010-08-06,14.38,14.00,14.06,YHOO,13394800
103,14.16,14.16,2010-08-05,14.25,14.02,14.16,YHOO,13072700
104,14.18,14.18,2010-08-04,14.20,13.92,14.00,YHOO,14297200
105,13.94,13.94,2010-08-03,14.07,13.91,13.95,YHOO,14098600
106,14.00,14.00,2010-08-02,14.08,13.96,14.01,YHOO,14167200
107,13.88,13.88,2010-07-30,13.98,13.68,13.69,YHOO,18380400
108,13.76,13.76,2010-07-29,13.96,13.75,13.90,YHOO,16703000
109,13.87,13.87,2010-07-28,13.99,13.85,13.91,YHOO,13522600
110,13.95,13.95,2010-07-27,14.10,13.89,14.07,YHOO,20971000
111,14.15,14.15,2010-07-26,14.22,13.95,13.96,YHOO,23247800
112,13.99,13.99,2010-07-23,14.04,13.52,13.78,YHOO,34318400
113,13.88,13.88,2010-07-22,14.17,13.81,13.89,YHOO,42677600
114,13.91,13.91,2010-07-21,14.28,13.75,14.27,YHOO,78035800
115,15.20,15.20,2010-07-20,15.28,14.80,14.99,YHOO,29578300
116,15.10,15.10,2010-07-19,15.38,15.02,15.23,YHOO,16168200
117,14.90,14.90,2010-07-16,15.37,13.86,15.33,YHOO,16829800
118,15.37,15.37,2010-07-15,15.39,15.04,15.31,YHOO,12626600
119,15.37,15.37,2010-07-14,15.42,15.20,15.32,YHOO,12255700
120,15.52,15.52,2010-07-13,15.60,14.99,15.06,YHOO,22328800
121,14.94,14.94,2010-07-12,15.21,14.78,14.93,YHOO,15585900
122,14.89,14.89,2010-07-09,14.93,14.59,14.60,YHOO,12682000
123,14.60,14.60,2010-07-08,14.77,14.40,14.43,YHOO,17088700
124,14.40,14.40,2010-07-07,14.42,14.12,14.18,YHOO,17417900
125,14.13,14.13,2010-07-06,14.46,14.00,14.23,YHOO,17334100
126,14.07,14.07,2010-07-02,14.24,14.03,14.08,YHOO,18564400
127,14.09,14.09,2010-07-01,14.15,13.75,13.99,YHOO,33222500
128,13.84,13.84,2010-06-30,14.22,13.79,13.95,YHOO,23912900
129,14.04,14.04,2010-06-29,14.54,13.88,14.53,YHOO,31825900
130,14.73,14.73,2010-06-28,14.86,14.58,14.83,YHOO,8175400
131,14.81,14.81,2010-06-25,14.92,14.57,14.86,YHOO,29817600
132,14.83,14.83,2010-06-24,15.19,14.70,15.11,YHOO,18287700
133,15.23,15.23,2010-06-23,15.39,14.95,15.14,YHOO,13374000
134,15.09,15.09,2010-06-22,15.51,15.07,15.24,YHOO,22418100
135,15.21,15.21,2010-06-21,15.84,15.09,15.71,YHOO,20412800
136,15.54,15.54,2010-06-18,15.67,15.47,15.66,YHOO,12767100
137,15.60,15.60,2010-06-17,15.72,15.44,15.72,YHOO,10769300
138,15.49,15.49,2010-06-16,15.65,15.34,15.58,YHOO,15920300
139,15.65,15.65,2010-06-15,15.69,15.23,15.29,YHOO,13888300
140,15.17,15.17,2010-06-14,15.49,15.15,15.46,YHOO,12493100
141,15.29,15.29,2010-06-11,15.35,14.98,15.02,YHOO,14056600
142,15.10,15.10,2010-06-10,15.14,14.87,14.94,YHOO,21249100
143,14.69,14.69,2010-06-09,15.06,14.65,14.93,YHOO,18108600
144,14.79,14.79,2010-06-08,15.12,14.62,15.05,YHOO,35500700
145,14.94,14.94,2010-06-07,15.36,14.94,15.19,YHOO,19153200
146,15.00,15.00,2010-06-04,15.38,14.96,15.12,YHOO,23606400
147,15.43,15.43,2010-06-03,15.50,15.16,15.32,YHOO,28395100
148,15.18,15.18,2010-06-02,15.20,14.96,15.04,YHOO,24993000
149,15.02,15.02,2010-06-01,15.55,14.98,15.31,YHOO,30475500
150,15.34,15.34,2010-05-28,15.69,15.00,15.61,YHOO,17619700
151,15.69,15.69,2010-05-27,15.84,15.36,15.83,YHOO,31091700
152,15.45,15.45,2010-05-26,15.83,15.43,15.60,YHOO,33656000
153,15.31,15.31,2010-05-25,15.31,14.89,15.04,YHOO,27856300
154,15.54,15.54,2010-05-24,15.79,15.36,15.42,YHOO,20116800
155,15.48,15.48,2010-05-21,15.90,14.63,14.81,YHOO,31215300
156,15.10,15.10,2010-05-20,15.49,15.06,15.45,YHOO,33789000
157,15.79,15.79,2010-05-19,16.00,15.51,15.83,YHOO,20485400
158,16.030001,16.030001,2010-05-18,16.440001,15.95,16.27,YHOO,16182200
159,16.27,16.27,2010-05-17,16.469999,15.96,16.41,YHOO,21935000
160,16.389999,16.389999,2010-05-14,16.66,16.139999,16.51,YHOO,28111400
161,16.139999,16.139999,2010-05-13,16.50,16.08,16.49,YHOO,15363800
162,16.469999,16.469999,2010-05-12,16.50,16.33,16.450001,YHOO,16405900
163,16.41,16.41,2010-05-11,16.639999,15.91,15.95,YHOO,27786500
164,16.33,16.33,2010-05-10,16.83,16.00,16.040001,YHOO,28103500
165,15.29,15.29,2010-05-07,15.95,15.25,15.77,YHOO,43941000
166,15.92,15.92,2010-05-06,16.51,15.43,16.34,YHOO,32125800
167,16.49,16.49,2010-05-05,16.700001,16.110001,16.17,YHOO,23004200
168,16.32,16.32,2010-05-04,16.90,16.25,16.629999,YHOO,31375300
169,16.950001,16.950001,2010-05-03,16.99,16.559999,16.68,YHOO,18162400
170,16.530001,16.530001,2010-04-30,17.129999,16.530001,17.110001,YHOO,19688200
171,16.969999,16.969999,2010-04-29,17.049999,16.780001,16.82,YHOO,16788100
172,16.75,16.75,2010-04-28,17.00,16.629999,16.98,YHOO,26452500
173,16.92,16.92,2010-04-27,17.360001,16.879999,17.280001,YHOO,22851000
174,17.389999,17.389999,2010-04-26,17.719999,17.34,17.690001,YHOO,17363800
175,17.639999,17.639999,2010-04-23,17.83,17.50,17.709999,YHOO,18901000
176,17.719999,17.719999,2010-04-22,17.780001,17.15,17.370001,YHOO,36231400
177,17.450001,17.450001,2010-04-21,17.780001,17.299999,17.58,YHOO,71686200
178,18.379999,18.379999,2010-04-20,18.530001,18.23,18.50,YHOO,39171900
179,18.389999,18.389999,2010-04-19,18.40,17.99,18.01,YHOO,26971800
180,18.17,18.17,2010-04-16,18.68,17.959999,18.67,YHOO,51424700
181,18.969999,18.969999,2010-04-15,19.120001,18.129999,18.299999,YHOO,60024700
182,18.379999,18.379999,2010-04-14,18.469999,18.059999,18.15,YHOO,41024800
183,18.18,18.18,2010-04-13,18.299999,17.40,17.51,YHOO,47514500
184,17.639999,17.639999,2010-04-12,17.879999,17.41,17.52,YHOO,22828900
185,17.52,17.52,2010-04-09,18.07,17.25,17.42,YHOO,47732000
186,17.35,17.35,2010-04-08,17.41,16.90,16.91,YHOO,45369200
187,16.870001,16.870001,2010-04-07,16.92,16.76,16.780001,YHOO,19921000
188,16.92,16.92,2010-04-06,16.98,16.42,16.549999,YHOO,25696700
189,16.51,16.51,2010-04-05,16.559999,16.299999,16.389999,YHOO,9220200
190,16.290001,16.290001,2010-04-01,16.60,16.219999,16.58,YHOO,20103800
191,16.530001,16.530001,2010-03-31,16.58,16.42,16.450001,YHOO,11996900
192,16.610001,16.610001,2010-03-30,16.690001,16.389999,16.549999,YHOO,16204100
193,16.559999,16.559999,2010-03-29,16.68,16.469999,16.48,YHOO,14902800
194,16.540001,16.540001,2010-03-26,16.57,16.309999,16.34,YHOO,23224900
195,16.32,16.32,2010-03-25,16.59,16.139999,16.17,YHOO,27487400
196,16.09,16.09,2010-03-24,16.200001,15.92,16.10,YHOO,32654500
197,16.030001,16.030001,2010-03-23,16.34,15.97,16.34,YHOO,31875700
198,16.34,16.34,2010-03-22,16.540001,16.32,16.370001,YHOO,18743500
199,16.440001,16.440001,2010-03-19,16.809999,16.34,16.620001,YHOO,17871000
200,16.559999,16.559999,2010-03-18,16.57,16.32,16.459999,YHOO,12626200
201,16.50,16.50,2010-03-17,16.629999,16.280001,16.280001,YHOO,13754600
202,16.360001,16.360001,2010-03-16,16.59,16.23,16.469999,YHOO,18309900
203,16.459999,16.459999,2010-03-15,16.639999,16.280001,16.35,YHOO,18967700
204,16.32,16.32,2010-03-12,16.59,16.26,16.51,YHOO,23106400
205,16.530001,16.530001,2010-03-11,16.65,16.10,16.57,YHOO,21732900
206,16.790001,16.790001,2010-03-10,16.940001,16.51,16.51,YHOO,33088600
207,16.530001,16.530001,2010-03-09,16.719999,16.40,16.41,YHOO,20755200
208,16.52,16.52,2010-03-08,16.610001,16.299999,16.32,YHOO,30554000
209,16.059999,16.059999,2010-03-05,16.379999,15.89,15.89,YHOO,21415000
210,15.81,15.81,2010-03-04,15.85,15.52,15.55,YHOO,22906000
211,15.57,15.57,2010-03-03,15.85,15.55,15.85,YHOO,20613800
212,15.73,15.73,2010-03-02,15.96,15.67,15.87,YHOO,20101800
213,15.79,15.79,2010-03-01,15.83,15.40,15.43,YHOO,17238000
214,15.31,15.31,2010-02-26,15.41,15.16,15.27,YHOO,14975600
215,15.24,15.24,2010-02-25,15.35,15.13,15.32,YHOO,20126900
216,15.59,15.59,2010-02-24,15.71,15.33,15.48,YHOO,19284200
217,15.38,15.38,2010-02-23,15.51,15.14,15.45,YHOO,18346700
218,15.49,15.49,2010-02-22,15.68,15.44,15.61,YHOO,10463500
219,15.58,15.58,2010-02-19,15.71,15.33,15.49,YHOO,15407900
220,15.54,15.54,2010-02-18,15.60,15.32,15.40,YHOO,13700100
221,15.44,15.44,2010-02-17,15.52,15.32,15.50,YHOO,12731900
222,15.41,15.41,2010-02-16,15.48,15.18,15.23,YHOO,21447200
223,15.17,15.17,2010-02-12,15.19,14.85,15.07,YHOO,18926400
224,15.22,15.22,2010-02-11,15.25,14.77,14.87,YHOO,24509500
225,14.80,14.80,2010-02-10,15.02,14.48,15.02,YHOO,36518100
226,15.07,15.07,2010-02-09,15.24,14.94,15.20,YHOO,16716900
227,14.99,14.99,2010-02-08,15.47,14.95,15.18,YHOO,19856400
228,15.19,15.19,2010-02-05,15.25,14.92,15.01,YHOO,20713800
229,15.01,15.01,2010-02-04,15.52,14.99,15.34,YHOO,27668100
230,15.46,15.46,2010-02-03,15.60,15.12,15.12,YHOO,24730600
231,15.17,15.17,2010-02-02,15.32,15.03,15.10,YHOO,27555200
232,15.05,15.05,2010-02-01,15.30,14.87,15.14,YHOO,29865700
233,15.01,15.01,2010-01-29,15.67,14.90,15.51,YHOO,39664600
234,15.44,15.44,2010-01-28,15.96,15.44,15.93,YHOO,30159500
235,15.98,15.98,2010-01-27,16.49,15.77,16.459999,YHOO,41701000
236,15.99,15.99,2010-01-26,16.17,15.70,15.82,YHOO,43979400
237,15.86,15.86,2010-01-25,16.110001,15.74,16.07,YHOO,19683700
238,15.88,15.88,2010-01-22,16.209999,15.81,16.08,YHOO,25132800
239,16.200001,16.200001,2010-01-21,16.58,16.10,16.389999,YHOO,21858400
240,16.379999,16.379999,2010-01-20,16.68,16.25,16.65,YHOO,14419500
241,16.75,16.75,2010-01-19,16.959999,16.639999,16.780001,YHOO,15182600
242,16.82,16.82,2010-01-15,17.25,16.75,17.25,YHOO,18415000
243,17.120001,17.120001,2010-01-14,17.23,16.799999,16.809999,YHOO,16715600
244,16.90,16.90,2010-01-13,16.98,16.65,16.879999,YHOO,16955600
245,16.68,16.68,2010-01-12,16.860001,16.60,16.65,YHOO,15672400
246,16.74,16.74,2010-01-11,16.83,16.48,16.77,YHOO,16181900
247,16.700001,16.700001,2010-01-08,16.76,16.620001,16.68,YHOO,15470000
248,16.700001,16.700001,2010-01-07,16.90,16.57,16.809999,YHOO,31816300
249,17.17,17.17,2010-01-06,17.299999,17.07,17.17,YHOO,16422000
250,17.23,17.23,2010-01-05,17.23,17.00,17.219999,YHOO,11718100
251,17.10,17.10,2010-01-04,17.200001,16.879999,16.940001,YHOO,16587400
252,16.780001,16.780001,2009-12-31,16.959999,16.77,16.92,YHOO,9515600
253,16.98,16.98,2009-12-30,16.99,16.809999,16.83,YHOO,8188000
254,16.92,16.92,2009-12-29,16.969999,16.68,16.84,YHOO,13450200
255,16.879999,16.879999,2009-12-28,16.940001,16.68,16.74,YHOO,11504300
256,16.719999,16.719999,2009-12-24,16.75,16.65,16.690001,YHOO,4736600
257,16.67,16.67,2009-12-23,16.700001,16.00,16.35,YHOO,23584100
258,15.98,15.98,2009-12-22,16.08,15.82,15.88,YHOO,10631600
259,15.88,15.88,2009-12-21,16.17,15.85,16.110001,YHOO,17806100
260,16.139999,16.139999,2009-12-18,16.139999,15.78,15.94,YHOO,30021100
261,15.82,15.82,2009-12-17,15.96,15.64,15.72,YHOO,26156700
262,15.79,15.79,2009-12-16,15.82,15.47,15.57,YHOO,20637500
263,15.74,15.74,2009-12-15,15.88,15.65,15.77,YHOO,13272900
264,15.81,15.81,2009-12-14,15.97,15.64,15.90,YHOO,18086300
265,15.74,15.74,2009-12-11,15.90,15.62,15.85,YHOO,22607500
266,15.49,15.49,2009-12-10,15.57,15.24,15.34,YHOO,18743000
267,15.18,15.18,2009-12-09,15.54,15.12,15.52,YHOO,25396900
268,15.45,15.45,2009-12-08,15.90,15.23,15.45,YHOO,31160600
269,15.45,15.45,2009-12-07,15.65,15.32,15.36,YHOO,18035200
270,15.19,15.19,2009-12-04,15.38,15.00,15.32,YHOO,17576000
271,15.11,15.11,2009-12-03,15.38,15.10,15.33,YHOO,17196200
272,15.31,15.31,2009-12-02,15.50,15.16,15.17,YHOO,17807800
273,15.13,15.13,2009-12-01,15.19,14.85,15.03,YHOO,17096500
274,14.97,14.97,2009-11-30,15.10,14.80,14.90,YHOO,17587000
275,15.00,15.00,2009-11-27,15.09,14.88,15.04,YHOO,11452900
276,15.30,15.30,2009-11-25,15.35,15.17,15.29,YHOO,21370600
277,15.24,15.24,2009-11-24,15.49,15.20,15.38,YHOO,19774000
278,15.45,15.45,2009-11-23,15.65,15.34,15.58,YHOO,24501400
279,15.38,15.38,2009-11-20,15.74,15.36,15.60,YHOO,16127300
280,15.61,15.61,2009-11-19,15.85,15.52,15.83,YHOO,26891000
281,15.98,15.98,2009-11-18,16.129999,15.84,16.02,YHOO,12775400
282,16.049999,16.049999,2009-11-17,16.110001,15.73,15.89,YHOO,22249500
283,16.07,16.07,2009-11-16,16.190001,15.92,16.08,YHOO,26125200
284,15.93,15.93,2009-11-13,16.10,15.92,16.040001,YHOO,26453800
285,16.00,16.00,2009-11-12,16.280001,15.97,16.10,YHOO,10210100
286,16.09,16.09,2009-11-11,16.16,15.92,16.00,YHOO,16346100
287,16.040001,16.040001,2009-11-10,16.360001,16.01,16.08,YHOO,24097400
288,16.02,16.02,2009-11-09,16.190001,15.97,16.129999,YHOO,14831900
289,15.94,15.94,2009-11-06,16.030001,15.76,15.89,YHOO,13562500
290,15.90,15.90,2009-11-05,16.00,15.74,15.80,YHOO,27732500
291,15.69,15.69,2009-11-04,15.90,15.66,15.90,YHOO,18697100
292,15.70,15.70,2009-11-03,15.79,15.63,15.71,YHOO,17240200
293,15.85,15.85,2009-11-02,15.90,15.59,15.75,YHOO,15258200
294,15.90,15.90,2009-10-30,16.370001,15.80,16.059999,YHOO,22321700
295,16.129999,16.129999,2009-10-29,16.379999,15.74,16.190001,YHOO,39146700
296,16.040001,16.040001,2009-10-28,16.77,16.02,16.690001,YHOO,25044800
297,16.690001,16.690001,2009-10-27,16.870001,16.35,16.690001,YHOO,19917800
298,16.870001,16.870001,2009-10-26,17.200001,16.67,17.049999,YHOO,21213100
299,17.219999,17.219999,2009-10-23,17.75,17.09,17.709999,YHOO,17760400
300,17.67,17.67,2009-10-22,17.75,17.299999,17.540001,YHOO,16018100
301,17.66,17.66,2009-10-21,18.02,17.57,17.98,YHOO,46204500
302,17.17,17.17,2009-10-20,17.41,16.870001,17.370001,YHOO,38320400
303,17.219999,17.219999,2009-10-19,17.290001,16.700001,16.799999,YHOO,17878000
304,16.809999,16.809999,2009-10-16,16.85,16.40,16.610001,YHOO,20479000
305,16.52,16.52,2009-10-15,16.889999,16.459999,16.84,YHOO,24337300
306,16.950001,16.950001,2009-10-14,17.030001,16.82,16.93,YHOO,17508000
307,16.879999,16.879999,2009-10-13,17.00,16.809999,16.950001,YHOO,19492500
308,16.75,16.75,2009-10-12,17.110001,16.66,16.959999,YHOO,16904700
309,16.870001,16.870001,2009-10-09,17.48,16.84,17.43,YHOO,29015700
310,17.58,17.58,2009-10-08,17.860001,17.540001,17.629999,YHOO,27966900
311,17.49,17.49,2009-10-07,17.49,17.15,17.219999,YHOO,12456700
312,17.299999,17.299999,2009-10-06,17.35,16.950001,16.959999,YHOO,21427600
313,16.799999,16.799999,2009-10-05,17.129999,16.66,16.85,YHOO,22224900
314,16.84,16.84,2009-10-02,17.35,16.780001,17.23,YHOO,32685300
315,17.389999,17.389999,2009-10-01,17.719999,17.200001,17.65,YHOO,24871600
316,17.809999,17.809999,2009-09-30,17.940001,17.24,17.48,YHOO,39878200
317,17.450001,17.450001,2009-09-29,17.66,17.209999,17.50,YHOO,31600100
318,17.469999,17.469999,2009-09-28,17.469999,16.950001,16.98,YHOO,26412200
319,17.08,17.08,2009-09-25,17.15,16.75,16.799999,YHOO,20701400
320,16.889999,16.889999,2009-09-24,17.32,16.65,17.309999,YHOO,26493700
321,17.209999,17.209999,2009-09-23,17.60,16.969999,17.10,YHOO,36814300
322,16.860001,16.860001,2009-09-22,17.219999,16.75,17.17,YHOO,30588800
323,17.040001,17.040001,2009-09-21,17.23,16.959999,17.23,YHOO,26826900
324,17.389999,17.389999,2009-09-18,17.700001,16.85,17.700001,YHOO,86402600
325,17.50,17.50,2009-09-17,17.790001,16.959999,17.00,YHOO,62010000
326,16.99,16.99,2009-09-16,17.110001,16.52,16.57,YHOO,53594700
327,16.41,16.41,2009-09-15,16.49,15.87,16.01,YHOO,64668200
328,15.57,15.57,2009-09-14,15.58,15.28,15.45,YHOO,19451200
329,15.59,15.59,2009-09-11,15.68,15.41,15.53,YHOO,26860700
330,15.45,15.45,2009-09-10,15.63,15.15,15.28,YHOO,49083300
331,14.78,14.78,2009-09-09,14.86,14.42,14.45,YHOO,19096300
332,14.49,14.49,2009-09-08,14.66,14.37,14.65,YHOO,17712200
333,14.50,14.50,2009-09-04,14.64,14.23,14.26,YHOO,17003900
334,14.28,14.28,2009-09-03,14.43,14.16,14.36,YHOO,14661900
335,14.23,14.23,2009-09-02,14.33,13.97,14.08,YHOO,23591500
336,14.18,14.18,2009-09-01,14.68,14.15,14.50,YHOO,30615300
337,14.61,14.61,2009-08-31,14.80,14.56,14.74,YHOO,15420500
338,14.85,14.85,2009-08-28,15.08,14.80,14.98,YHOO,33918200
339,14.93,14.93,2009-08-27,15.00,14.71,14.92,YHOO,30411000
340,14.93,14.93,2009-08-26,15.14,14.86,15.09,YHOO,15845300
341,15.07,15.07,2009-08-25,15.21,14.94,15.12,YHOO,22850600
342,14.99,14.99,2009-08-24,15.19,14.83,14.89,YHOO,26171000
343,14.79,14.79,2009-08-21,14.96,14.73,14.88,YHOO,23537700
344,14.77,14.77,2009-08-20,14.90,14.70,14.75,YHOO,15579900
345,14.79,14.79,2009-08-19,14.91,14.55,14.58,YHOO,15501500
346,14.75,14.75,2009-08-18,14.78,14.56,14.64,YHOO,14797300
347,14.56,14.56,2009-08-17,14.78,14.51,14.69,YHOO,29268300
348,15.04,15.04,2009-08-14,15.14,14.85,14.98,YHOO,28817100
349,15.04,15.04,2009-08-13,15.07,14.61,14.74,YHOO,40193000
350,14.68,14.68,2009-08-12,14.76,14.41,14.47,YHOO,24256200
351,14.46,14.46,2009-08-11,14.65,14.33,14.54,YHOO,17823200
352,14.63,14.63,2009-08-10,14.68,14.49,14.66,YHOO,18350900
353,14.62,14.62,2009-08-07,14.90,14.56,14.86,YHOO,28261000
354,14.74,14.74,2009-08-06,14.86,14.63,14.76,YHOO,35659500
355,14.67,14.67,2009-08-05,14.91,14.61,14.76,YHOO,50910100
356,14.51,14.51,2009-08-04,14.68,14.37,14.44,YHOO,43084800
357,14.34,14.34,2009-08-03,14.62,14.30,14.56,YHOO,43976900
358,14.32,14.32,2009-07-31,14.89,14.29,14.72,YHOO,62659900
359,14.60,14.60,2009-07-30,15.14,14.24,15.13,YHOO,100889000
360,15.14,15.14,2009-07-29,16.200001,15.05,16.00,YHOO,126807700
361,17.219999,17.219999,2009-07-28,17.49,16.52,16.969999,YHOO,36152600
362,17.00,17.00,2009-07-27,17.48,16.85,17.370001,YHOO,19951800
363,17.48,17.48,2009-07-24,17.59,17.02,17.43,YHOO,19944700
364,17.360001,17.360001,2009-07-23,17.68,17.16,17.41,YHOO,37524900
365,17.370001,17.370001,2009-07-22,17.48,16.120001,16.190001,YHOO,53615500
366,16.75,16.75,2009-07-21,17.110001,16.440001,17.049999,YHOO,33601800
367,17.01,17.01,2009-07-20,17.43,16.65,17.18,YHOO,27760800
368,16.84,16.84,2009-07-17,16.91,16.450001,16.75,YHOO,32514700
369,16.190001,16.190001,2009-07-16,16.25,15.78,15.80,YHOO,21919500
370,15.71,15.71,2009-07-15,15.74,15.15,15.23,YHOO,18813600
371,15.18,15.18,2009-07-14,15.22,14.98,15.07,YHOO,13039500
372,15.01,15.01,2009-07-13,15.06,14.64,14.95,YHOO,13174400
373,14.93,14.93,2009-07-10,15.18,14.75,14.78,YHOO,23061200
374,14.55,14.55,2009-07-09,14.68,14.25,14.48,YHOO,15598200
375,14.38,14.38,2009-07-08,14.69,14.22,14.44,YHOO,15352700
376,14.44,14.44,2009-07-07,14.93,14.36,14.92,YHOO,22021700
377,14.91,14.91,2009-07-06,14.93,14.55,14.83,YHOO,13690700
378,14.99,14.99,2009-07-02,15.28,14.88,15.24,YHOO,16919900
379,15.41,15.41,2009-07-01,15.69,15.35,15.49,YHOO,12716100
380,15.66,15.66,2009-06-30,15.90,15.35,15.85,YHOO,16033900
381,15.90,15.90,2009-06-29,16.01,15.60,15.86,YHOO,12324000
382,15.74,15.74,2009-06-26,15.80,15.48,15.60,YHOO,26449100
383,15.53,15.53,2009-06-25,15.67,15.25,15.44,YHOO,19827800
384,15.45,15.45,2009-06-24,15.60,14.76,14.76,YHOO,30979700
385,14.68,14.68,2009-06-23,14.90,14.55,14.75,YHOO,15866300
386,14.71,14.71,2009-06-22,15.61,14.71,15.55,YHOO,26488700
387,15.80,15.80,2009-06-19,15.84,15.40,15.50,YHOO,20323100
388,15.34,15.34,2009-06-18,15.64,15.23,15.62,YHOO,16185400
389,15.60,15.60,2009-06-17,16.030001,15.46,15.91,YHOO,16521300
390,15.96,15.96,2009-06-16,16.379999,15.90,16.33,YHOO,15116000
391,16.40,16.40,2009-06-15,16.68,16.129999,16.559999,YHOO,23251700
392,16.40,16.40,2009-06-12,16.469999,16.10,16.17,YHOO,16962900
393,16.190001,16.190001,2009-06-11,16.459999,16.15,16.26,YHOO,15042300
394,16.32,16.32,2009-06-10,16.719999,16.10,16.700001,YHOO,15771200
395,16.40,16.40,2009-06-09,16.50,16.18,16.23,YHOO,13083200
396,16.190001,16.190001,2009-06-08,16.49,16.040001,16.469999,YHOO,13692600
397,16.639999,16.639999,2009-06-05,16.99,16.299999,16.77,YHOO,17311400
398,16.65,16.65,2009-06-04,16.709999,16.040001,16.40,YHOO,19001400
399,16.299999,16.299999,2009-06-03,16.50,15.67,16.50,YHOO,26358100
400,16.620001,16.620001,2009-06-02,16.75,16.25,16.60,YHOO,15286700
401,16.58,16.58,2009-06-01,16.65,16.129999,16.17,YHOO,27926100
402,15.84,15.84,2009-05-29,15.84,15.11,15.19,YHOO,29557500
403,15.09,15.09,2009-05-28,15.24,14.69,15.09,YHOO,19131600
404,14.94,14.94,2009-05-27,15.53,14.88,15.27,YHOO,18977400
405,15.28,15.28,2009-05-26,15.44,14.67,14.68,YHOO,19953000
406,14.98,14.98,2009-05-22,15.17,14.75,14.89,YHOO,19150500
407,14.87,14.87,2009-05-21,15.12,14.62,14.92,YHOO,15186800
408,14.96,14.96,2009-05-20,15.31,14.80,15.08,YHOO,15781600
409,15.18,15.18,2009-05-19,15.34,15.02,15.06,YHOO,13676000
410,15.17,15.17,2009-05-18,15.18,14.74,15.10,YHOO,18629500
411,14.91,14.91,2009-05-15,15.10,14.86,15.00,YHOO,22525900
412,14.76,14.76,2009-05-14,14.86,14.40,14.50,YHOO,20841800
413,14.52,14.52,2009-05-13,14.95,14.50,14.92,YHOO,23585400
414,15.10,15.10,2009-05-12,15.50,14.90,15.50,YHOO,31403300
415,15.54,15.54,2009-05-11,15.83,14.81,14.90,YHOO,39492400
416,15.15,15.15,2009-05-08,15.30,14.70,14.88,YHOO,22461200
417,14.80,14.80,2009-05-07,15.10,14.38,15.03,YHOO,24328500
418,14.85,14.85,2009-05-06,15.00,14.52,14.80,YHOO,19105800
419,14.74,14.74,2009-05-05,14.99,14.18,14.55,YHOO,35233200
420,14.18,14.18,2009-05-04,14.25,13.96,14.20,YHOO,25094600
421,14.14,14.14,2009-05-01,14.50,13.91,14.50,YHOO,23721700
422,14.29,14.29,2009-04-30,14.60,14.12,14.12,YHOO,25883300
423,14.02,14.02,2009-04-29,14.35,13.70,13.70,YHOO,16570900
424,13.64,13.64,2009-04-28,14.05,13.60,13.74,YHOO,18856500
425,13.89,13.89,2009-04-27,14.55,13.88,14.48,YHOO,22640600
426,14.73,14.73,2009-04-24,14.94,14.36,14.79,YHOO,25803000
427,14.55,14.55,2009-04-23,14.74,14.11,14.56,YHOO,32943200
428,14.48,14.48,2009-04-22,15.39,14.41,14.62,YHOO,65407800
429,14.38,14.38,2009-04-21,14.59,13.71,13.94,YHOO,54237700
430,13.66,13.66,2009-04-20,14.25,13.60,14.16,YHOO,13470500
431,14.39,14.39,2009-04-17,14.52,14.03,14.43,YHOO,19800400
432,14.43,14.43,2009-04-16,14.53,14.05,14.15,YHOO,19156500
433,14.02,14.02,2009-04-15,14.09,13.77,13.93,YHOO,12383200
434,14.07,14.07,2009-04-14,14.42,14.00,14.40,YHOO,15151700
435,14.42,14.42,2009-04-13,14.54,13.86,14.02,YHOO,35067600
436,13.47,13.47,2009-04-09,13.59,13.07,13.14,YHOO,17285800
437,12.92,12.92,2009-04-08,13.01,12.75,12.90,YHOO,11241000
438,12.81,12.81,2009-04-07,13.10,12.68,13.00,YHOO,12306400
439,13.23,13.23,2009-04-06,13.24,12.99,13.08,YHOO,11935700
440,13.34,13.34,2009-04-03,13.39,12.78,12.95,YHOO,18534900
441,12.95,12.95,2009-04-02,13.14,12.80,13.04,YHOO,28823100
442,12.75,12.75,2009-04-01,13.12,12.60,12.70,YHOO,14540400
443,12.81,12.81,2009-03-31,13.10,12.67,12.76,YHOO,12066000
444,12.70,12.70,2009-03-30,13.14,12.51,12.93,YHOO,16558800
445,13.18,13.18,2009-03-27,13.61,13.12,13.17,YHOO,22426200
446,13.35,13.35,2009-03-26,13.61,13.00,13.55,YHOO,24223400
447,13.55,13.55,2009-03-25,13.88,13.35,13.69,YHOO,16746400
448,13.63,13.63,2009-03-24,14.02,13.56,13.98,YHOO,17293600
449,14.09,14.09,2009-03-23,14.12,13.62,13.79,YHOO,18200000
450,13.60,13.60,2009-03-20,13.87,13.51,13.63,YHOO,22079300
451,13.74,13.74,2009-03-19,14.14,13.61,13.68,YHOO,25954300
452,13.42,13.42,2009-03-18,13.95,13.23,13.81,YHOO,26324300
453,13.99,13.99,2009-03-17,14.04,13.22,13.35,YHOO,16719400
454,13.22,13.22,2009-03-16,13.66,13.20,13.66,YHOO,19448800
455,13.51,13.51,2009-03-13,13.64,13.27,13.58,YHOO,12522600
456,13.60,13.60,2009-03-12,13.60,13.10,13.35,YHOO,16682500
457,13.39,13.39,2009-03-11,13.50,13.03,13.31,YHOO,17505000
458,13.23,13.23,2009-03-10,13.40,12.75,12.81,YHOO,22730900
459,12.66,12.66,2009-03-09,13.45,12.55,12.85,YHOO,23119700
460,13.05,13.05,2009-03-06,13.18,12.52,12.60,YHOO,30994200
461,12.53,12.53,2009-03-05,13.07,12.48,12.77,YHOO,18477000
462,13.16,13.16,2009-03-04,13.49,12.51,12.72,YHOO,24076200
463,12.50,12.50,2009-03-03,12.87,12.31,12.79,YHOO,16509700
464,12.58,12.58,2009-03-02,12.97,12.47,12.85,YHOO,20934900
465,13.23,13.23,2009-02-27,13.33,12.61,12.66,YHOO,20392600
466,12.98,12.98,2009-02-26,13.39,12.74,12.88,YHOO,26571900
467,12.48,12.48,2009-02-25,12.79,12.30,12.45,YHOO,16195700
468,12.75,12.75,2009-02-24,12.86,12.27,12.57,YHOO,22529300
469,11.97,11.97,2009-02-23,12.35,11.83,12.20,YHOO,16517300
470,12.14,12.14,2009-02-20,12.27,11.75,11.90,YHOO,16485500
471,11.98,11.98,2009-02-19,12.59,11.93,12.35,YHOO,12537600
472,12.22,12.22,2009-02-18,12.53,12.07,12.12,YHOO,12434300
473,12.02,12.02,2009-02-17,12.58,12.01,12.31,YHOO,15708400
474,12.84,12.84,2009-02-13,12.99,12.59,12.67,YHOO,11139300
475,12.66,12.66,2009-02-12,12.66,12.14,12.50,YHOO,15452500
476,12.63,12.63,2009-02-11,12.91,12.38,12.87,YHOO,13726600
477,12.75,12.75,2009-02-10,13.90,12.72,13.54,YHOO,24148400
478,13.90,13.90,2009-02-09,14.00,13.47,13.59,YHOO,15686200
479,13.63,13.63,2009-02-06,13.84,13.20,13.41,YHOO,17594600
480,13.51,13.51,2009-02-05,13.52,12.85,12.93,YHOO,17566800
481,13.00,13.00,2009-02-04,13.23,12.55,12.67,YHOO,22933800
482,12.68,12.68,2009-02-03,12.71,12.01,12.30,YHOO,18669700
483,12.15,12.15,2009-02-02,12.32,11.49,11.50,YHOO,21223000
484,11.73,11.73,2009-01-30,12.15,11.51,11.86,YHOO,21508900
485,11.74,11.74,2009-01-29,12.24,11.73,12.02,YHOO,22124100
486,12.24,12.24,2009-01-28,12.38,11.92,12.23,YHOO,35686800
487,11.34,11.34,2009-01-27,11.37,10.85,11.20,YHOO,33708200
488,11.17,11.17,2009-01-26,11.28,10.81,11.26,YHOO,16469800
489,11.32,11.32,2009-01-23,11.55,10.86,10.90,YHOO,15864000
490,11.28,11.28,2009-01-22,11.51,10.90,11.35,YHOO,17201700
491,11.59,11.59,2009-01-21,11.59,11.08,11.17,YHOO,15892200
492,11.01,11.01,2009-01-20,11.80,11.01,11.72,YHOO,18692000
493,11.59,11.59,2009-01-16,11.97,11.44,11.87,YHOO,24783700
494,11.61,11.61,2009-01-15,12.35,11.22,12.32,YHOO,25247500
495,12.41,12.41,2009-01-14,12.53,11.81,12.26,YHOO,23595200
496,12.10,12.10,2009-01-13,12.79,11.78,12.09,YHOO,25720400
497,12.22,12.22,2009-01-12,13.10,12.08,13.09,YHOO,19976900
498,13.13,13.13,2009-01-09,13.56,12.90,13.42,YHOO,19281000
499,13.07,13.07,2009-01-08,13.07,12.31,12.37,YHOO,14355000
500,12.71,12.71,2009-01-07,13.16,12.45,12.71,YHOO,24995900
501,13.00,13.00,2009-01-06,13.24,12.88,12.96,YHOO,10056000
502,12.86,12.86,2009-01-05,13.01,12.39,12.72,YHOO,11989900
503,12.85,12.85,2009-01-02,12.85,12.12,12.17,YHOO,9514600
